,Everton,Sheffield United,Leicester City,Chelsea,Liverpool,Southampton,Norwich City,Burnley,Manchester United,Crystal Palace,Wolverhampton Wanderers,West Ham United,Tottenham Hotspur,Manchester City,Arsenal,AFC Bournemouth,Brighton & Hove Albion,Watford,Newcastle United,Aston Villa
0,Lucas Digne,Dean HendersonL,Jamie Vardy,N'Golo Kanté,Virgil van Dijk,Pierre-Emile Højbjerg,Emiliano Buendía,Nick Pope,De Gea,Wilfried Zaha,João Moutinho,Sébastien Haller,Harry Kane,Kevin De Bruyne,Pierre-Emerick Aubameyang,Nathan Aké,Mathew Ryan,Deulofeu,Martin Dúbravka,Jack Grealish
1,France,England,England,France,Netherlands,Denmark,Argentina,England,Spain,Ivory Coast,Portugal,France,England,Belgium,Gabon,Netherlands,Australia,Spain,Slovakia,England
2,83,79,86,89,91,79,77,80,88,83,84,82,89,91,88,80,80,81,82,80
3,86,87,86,89,92,84,83,81,88,83,84,84,91,91,88,84,82,82,82,85
4,27,23,33,29,29,25,23,28,29,27,34,26,27,29,31,25,28,26,31,24
5,1,1,1,2,1,1,1,1,1,2,1,1,1,2,2,1,1,2,1,3
6,33,90,63,101,127,22,9,21,89,84,8,20,92,107,146,58,10,36,12,130
7,1,0,4,2,1,2,3,0,0,3,2,4,4,2,4,1,0,3,0,2
8,Richarlison,Sander Berge,Wilfred Ndidi,Mateo Kovačić,Alisson,James Ward-Prowse,Teemu Pukki,James Tarkowski,Paul Pogba,Guaita,Raúl Jiménez,Felipe Anderson,Heung Min Son,Sergio Agüero,Bernd Leno,Ryan Fraser,Lewis Dunk,Abdoulaye Doucouré,Allan Saint-Maximin,Pepe ReinaL
9,Brazil,Norway,Nigeria,Croatia,Brazil,England,Finland,England,France,Spain,Mexico,Brazil,Korea Republic,Argentina,Germany,Scotland,England,France,France,Spain
10,81,79,84,84,90,79,77,80,87,80,83,82,87,90,85,79,79,80,80,80
11,88,87,88,87,91,83,77,81,88,80,83,82,87,90,87,80,81,83,86,80
12,23,22,23,26,27,25,30,27,27,33,29,27,28,32,28,26,28,27,23,38
13,3,2,2,1,1,1,1,1,2,1,1,2,2,1,1,1,1,3,3,1
14,152,29,29,46,66,18,16,9,102,7,155,22,116,83,52,21,5,26,198,8
15,4,2,2,2,0,2,4,1,2,0,4,3,3,4,0,3,1,2,3,0
16,Jordan Pickford,Jack O'Connell,Ricardo Pereira,Jorginho,Mohamed Salah,Danny Ings,Ondrej DudaL,Chris Wood,Bruno Fernandes,Luka Milivojević,Rui Patrício,Tomáš Souček,Hugo Lloris,Ederson,Alexandre Lacazette,Callum Wilson,Leandro Trossard,Ben Foster,Fabian Schär,Mbwana Ally Samatta
17,England,England,Portugal,Italy,Egypt,England,Slovakia,New Zealand,Portugal,Serbia,Portugal,Czech Republic,France,Brazil,France,England,Belgium,England,Switzerland,Tanzania
18,81,77,84,84,90,79,76,78,86,79,83,81,87,88,84,79,78,80,79,78
19,84,81,86,84,90,79,81,78,89,79,83,86,87,91,84,79,81,80,81,79
20,26,26,26,28,28,28,25,28,26,29,32,25,33,27,29,28,25,37,28,27
21,1,1,1,2,2,1,2,1,2,2,1,2,1,1,1,1,2,1,1,1
22,26,3,29,39,167,79,7,4,132,3,12,21,27,31,117,44,4,3,5,13
23,0,1,1,2,3,4,2,4,2,2,0,2,0,0,4,4,3,0,1,4
24,André Gomes,John Egan,Kasper Schmeichel,Azpilicueta,Sadio Mané,Jan Bednarek,Tim Krul,Ben Mee,Marcus Rashford,Gary Cahill,Rúben Neves,Łukasz Fabiański,Toby Alderweireld,Raheem Sterling,Mesut Özil,Joshua King,Shane Duffy,Etienne Capoue,Miguel Almirón,Tom Heaton
25,Portugal,Republic of Ireland,Denmark,Spain,Senegal,Poland,Netherlands,England,England,England,Portugal,Poland,Belgium,England,Germany,Norway,Republic of Ireland,France,Paraguay,England
26,80,77,83,84,90,78,76,78,84,78,82,81,86,88,83,78,78,79,78,78
27,83,79,83,84,90,84,76,78,89,78,87,81,86,90,83,78,79,79,79,78
28,27,27,33,31,28,24,32,30,22,34,23,35,31,25,31,28,28,32,26,34
29,2,1,1,3,1,1,1,1,2,1,1,1,1,2,2,3,1,2,3,1
30,17,9,10,36,109,16,6,0,97,4,26,10,16,92,120,12,10,5,19,4
31,2,1,0,1,3,1,0,1,3,1,2,0,1,3,2,4,1,2,3,0
32,Gylfi Sigurðsson,Enda Stevens,James Maddison,Kepa,Roberto Firmino,Jannik Vestergaard,Lukas Rupp,Ashley Barnes,Anthony Martial,Jordan Ayew,Diogo Jota,Pablo Fornals,Jan Vertonghen,Bernardo Silva,Nicolas Pépé,Harry WilsonL,Pascal Groß,Ismaïla Sarr,Jamaal Lascelles,Wesley
33,Iceland,Republic of Ireland,England,Spain,Brazil,Denmark,Germany,England,France,Ghana,Portugal,Spain,Belgium,Portugal,Ivory Coast,Wales,Germany,Senegal,England,Brazil
34,80,77,82,83,88,77,75,78,83,77,80,79,85,87,82,77,78,78,78,77
35,80,77,87,87,88,78,75,78,87,77,86,85,85,90,87,84,78,88,82,83
36,31,30,23,25,28,28,29,30,24,28,23,24,33,26,25,23,29,22,26,23
37,2,1,3,1,1,1,2,1,1,2,2,3,2,3,2,2,3,2,1,1
38,27,3,48,265,83,9,1,2,494,8,34,9,37,59,150,13,2,39,8,13
39,2,1,2,0,4,1,2,4,4,4,3,3,1,3,3,3,2,3,1,4
40,Dominic Calvert-Lewin,John Fleck,Ben Chilwell,Antonio Rüdiger,Andrew Robertson,Nathan Redmond,Todd Cantwell,Dwight McNeil,Harry Maguire,Andros Townsend,Willy Boly,Manuel Lanzini,Dele Alli,Aymeric Laporte,Lucas Torreira,Diego Rico,Aaron Mooy,Will Hughes,Federico Fernández,John McGinn
41,England,Scotland,England,Germany,Scotland,England,England,England,England,England,France,Argentina,England,France,Uruguay,Spain,Australia,England,Argentina,Scotland
42,79,77,81,82,86,77,74,77,83,77,80,79,83,87,81,77,77,78,78,77
43,84,77,85,84,89,78,82,86,86,77,80,80,88,90,86,78,77,83,78,82
44,23,29,23,27,26,26,22,20,27,29,29,27,24,26,24,27,29,25,31,25
45,1,1,1,1,1,2,2,1,1,3,1,3,2,1,2,1,2,3,1,1
46,29,4,76,22,59,6,14,18,701,9,6,7,63,49,25,3,5,5,2,18
47,4,2,1,1,1,3,3,3,1,3,1,2,2,1,2,1,2,2,1,2
48,Yerry Mina,Oliver Norwood,Youri Tielemans,Willian,Fabinho,Alex McCarthy,Max Aarons,Jóhann Berg Guðmundsson,Aaron Wan-Bissaka,Cheikhou Kouyaté,Matt Doherty,Declan Rice,Giovani Lo CelsoL,David Silva,Dani CeballosL,Jefferson Lerma,Davy Pröpper,Christian Kabasele,Florian Lejeune,Frédéric Guilbert
49,Colombia,Northern Ireland,Belgium,Brazil,Brazil,England,England,Iceland,England,Senegal,Republic of Ireland,England,Argentina,Spain,Spain,Colombia,Netherlands,Belgium,France,France
50,79,77,81,82,86,77,73,77,82,77,80,78,82,87,81,77,77,78,78,76
51,83,77,87,82,88,77,85,77,89,77,80,86,87,87,86,80,77,79,80,81
52,25,29,23,32,26,30,20,29,22,30,28,21,24,34,24,25,29,29,29,25
53,1,1,1,3,1,1,1,2,2,2,1,2,2,2,2,2,2,1,1,2
54,34,7,45,91,101,3,40,1,105,2,43,113,41,35,41,11,0,0,2,8
55,1,3,2,3,2,0,1,3,1,2,1,2,2,2,2,2,2,1,1,1
56,Jean-Philippe Gbamin,Panagiotis RetsosL,Çağlar Söyüncü,Kurt Zouma,Trent Alexander-Arnold,Ryan Bertrand,Christoph Zimmermann,Ashley Westwood,Victor Lindelöf,Mamadou Sakho,Leander Dendoncker,Issa Diop,Steven Bergwijn,Leroy Sané,David Luiz,Steve Cook,Alexis Mac Allister,Roberto Pereyra,Jonjo Shelvey,Trezeguet
57,Ivory Coast,Greece,Turkey,France,England,England,Germany,England,Sweden,France,Belgium,France,Netherlands,Germany,Brazil,England,Argentina,Argentina,England,Egypt
58,79,75,80,81,85,77,73,77,81,77,79,78,82,86,81,77,76,77,78,76
59,84,84,85,84,90,77,75,77,85,77,84,85,87,90,81,77,86,77,78,79
60,24,22,24,25,21,31,27,30,26,30,25,23,22,24,33,29,21,29,28,25
61,2,3,1,1,1,2,1,1,1,1,2,1,3,1,1,1,3,1,2,3
62,10,16,127,34,149,4,2,1,65,7,7,10,58,80,30,4,13,9,8,14
63,2,1,1,1,1,1,1,2,1,1,1,1,3,3,1,1,2,3,2,3
64,Michael Keane,George Baldock,Jonny Evans,Marcos Alonso,Jordan Henderson,Jack Stephens,Jamal Lewis,Charlie Taylor,Eric Bailly,James Tomkins,Jonny,Andriy Yarmolenko,Davinson Sánchez,Riyad Mahrez,Sokratis,Lewis Cook,Neal Maupay,Troy Deeney,Danny RoseL,Marvelous Nakamba
65,England,England,Northern Ireland,Spain,England,England,Northern Ireland,England,Ivory Coast,England,Spain,Ukraine,Colombia,Algeria,Greece,England,France,England,England,Zimbabwe
66,79,75,80,81,85,76,73,76,80,77,79,78,82,86,81,76,76,77,78,75
67,80,76,80,81,85,80,83,78,83,77,82,78,85,86,81,82,81,77,78,78
68,27,27,32,29,30,26,22,26,26,31,26,30,24,29,32,23,24,32,30,26
69,1,1,1,2,2,1,1,1,1,1,1,2,1,2,1,1,1,1,2,2
70,8,4,8,21,66,7,28,3,34,0,5,9,24,79,18,11,6,7,9,2
71,1,1,1,1,2,1,1,1,1,1,1,3,1,3,1,2,4,4,1,2
72,Bernard,John Lundstram,Harvey Barnes,Christian Pulisic,Georginio Wijnaldum,Moussa Djenepo,Tom Trybull,Robbie Brady,Fred,Max Meyer,Daniel Podence,Michail Antonio,Lucas Moura,Rodri,Granit Xhaka,Philip Billing,Montoya,Kiko Femenía,Valentino LazaroL,Matt Targett
73,Brazil,England,England,United States,Netherlands,Mali,Germany,Republic of Ireland,Brazil,Germany,Portugal,England,Brazil,Spain,Switzerland,Denmark,Spain,Spain,Austria,England
74,78,75,78,80,85,75,73,76,80,76,78,78,82,85,80,76,76,76,77,75
75,78,78,85,86,85,83,74,76,82,79,82,78,82,89,81,82,76,76,82,82
76,28,26,22,21,29,22,27,28,27,24,24,30,28,24,27,24,29,29,24,24
77,1,1,2,3,2,2,1,2,2,2,3,3,2,2,2,1,2,1,3,2
78,14,5,22,119,61,3,0,5,30,13,15,93,43,42,47,4,4,2,17,9
79,3,2,3,3,2,3,2,3,2,3,3,3,3,2,2,2,1,1,1,1
80,Djibril SidibéL,Chris Basham,Ayoze Pérez,Andreas Christensen,Joel Matip,Sofiane Boufal,Onel Hernández,Jay Rodriguez,Luke Shaw,Cenk TosunL,Adama Traoré,Jack Wilshere,Tanguy Ndombele,Fernandinho,Héctor Bellerín,David Brooks,Dale Stephens,Tom Cleverley,Ciaran Clark,Anwar El Ghazi
81,France,England,Spain,Denmark,Cameroon,Morocco,Germany,England,England,Turkey,Spain,England,France,Brazil,Spain,Wales,England,England,Republic of Ireland,Netherlands
82,78,75,78,80,83,75,73,76,80,76,78,77,80,85,79,76,76,76,77,75
83,78,75,79,85,84,76,73,76,82,76,84,77,88,85,84,84,76,76,77,78
84,28,32,27,24,29,26,27,31,25,29,24,28,23,35,25,23,31,31,30,25
85,2,1,2,1,1,1,1,1,1,1,2,3,2,2,2,1,2,2,1,2
86,8,4,15,26,16,5,0,0,59,3,679,39,27,28,86,16,1,3,4,7
87,1,1,3,1,1,3,3,4,1,4,3,2,2,1,1,3,2,2,1,3
88,Séamus Coleman,Lys Mousset,Dennis Praet,Pedro,Joe Gomez,Stuart Armstrong,Kenny McLean,Jack Cork,Nemanja Matić,James McCarthy,Romain Saïss,Angelo Ogbonna,Harry Winks,İlkay Gündoğan,Shkodran Mustafi,Arnaut Danjuma Groeneveld,Adam Webster,Daryl Janmaat,Joelinton,Tyrone Mings
89,Republic of Ireland,France,Belgium,Spain,England,Scotland,Scotland,England,Serbia,Republic of Ireland,Morocco,Italy,England,Germany,Germany,Netherlands,England,Netherlands,Brazil,England
90,78,74,77,80,82,75,73,76,80,76,78,77,80,84,79,75,75,76,76,75
91,78,79,80,80,89,75,73,76,80,76,78,77,85,84,81,81,79,76,82,78
92,31,24,26,33,23,28,28,31,32,29,30,32,24,29,28,23,25,31,24,27
93,1,1,2,2,2,2,2,1,2,2,2,1,2,2,1,1,1,1,2,1
94,6,2,2,11,111,8,0,0,30,2,4,14,25,26,28,5,1,2,19,21
95,1,4,2,3,1,3,2,2,2,2,1,1,2,2,1,3,1,1,4,1
96,Mason Holgate,Oliver McBurnie,Marc Albrighton,Olivier Giroud,Naby Keïta,Oriol Romeu,Moritz Leitner,Jeff Hendrick,Juan Mata,Patrick van Aanholt,Conor Coady,Robert Snodgrass,Erik Lamela,Kyle Walker,Mattéo Guendouzi,Aaron Ramsdale,Solly March,Ignacio Pussetto,Nabil BentalebL,Björn Engels
97,England,Scotland,England,France,Guinea,Spain,Germany,Republic of Ireland,Spain,Netherlands,England,Scotland,Argentina,England,France,England,England,Argentina,Algeria,Belgium
98,77,74,76,80,82,75,73,75,80,76,78,77,80,83,77,75,75,75,76,75
99,81,81,76,80,86,76,74,75,80,76,80,77,80,83,86,83,78,81,80,80
100,23,24,30,33,25,28,27,28,32,30,27,33,28,30,21,22,26,24,25,25
101,2,1,3,1,2,2,2,3,2,1,1,2,3,1,2,1,2,2,3,1
102,21,10,2,86,26,0,0,24,16,9,9,9,21,34,50,20,1,2,4,2
103,1,4,3,4,2,2,2,3,2,1,1,3,3,1,2,0,3,4,2,1
104,Alex Iwobi,Phil Jagielka,Nampalys Mendy,Mason Mount,Xherdan Shaqiri,Kyle Walker-PetersL,Timm Klose,Matthew Lowton,Sergio Romero,Martin Kelly,Rúben Vinagre,Fabián Balbuena,Ben Davies,Gabriel Jesus,Kieran Tierney,Adam Smith,Glenn Murray,Nathaniel Chalobah,Isaac Hayden,Danny DrinkwaterL
105,Nigeria,England,France,England,Switzerland,England,Switzerland,England,Argentina,England,Portugal,Paraguay,Wales,Brazil,Scotland,England,England,England,England,England
106,77,74,75,79,81,74,73,75,80,76,72,76,79,82,77,75,75,75,76,75
107,81,74,75,87,81,79,73,75,80,76,83,77,80,88,86,75,75,79,83,75
108,24,38,28,21,28,23,32,31,33,30,21,29,27,23,23,29,36,25,25,30
109,1,1,2,3,2,1,1,1,1,2,1,1,2,1,1,2,1,2,2,1
110,11,1,2,119,19,10,2,1,7,0,19,2,12,80,54,4,2,6,11,4
111,3,1,2,2,3,1,1,1,0,1,1,1,1,4,1,1,4,2,2,2
112,Fabian Delph,David McGoldrick,Hamza Choudhury,Tammy Abraham,James Milner,Angus Gunn,Josip Drmić,Joe Hart,Scott McTominay,James McArthur,Pedro Neto,Jarrod Bowen,Serge Aurier,João Cancelo,Sead Kolašinac,Chris Mepham,Yves Bissouma,Craig Dawson,Jetro WillemsL,Douglas Luiz
113,England,Republic of Ireland,England,England,England,England,Switzerland,England,Scotland,Scotland,Portugal,England,Ivory Coast,Portugal,Bosnia & Herzegovina,Wales,Mali,England,Netherlands,Brazil
114,77,73,74,79,81,74,73,75,79,76,71,76,79,82,77,74,74,75,76,74
115,77,73,80,86,81,79,73,75,86,76,84,83,80,86,80,82,79,75,79,87
116,30,32,22,22,34,24,28,33,23,32,20,23,27,26,27,22,24,30,26,22
117,3,1,2,1,3,1,2,1,2,1,3,1,2,1,2,1,2,1,3,2
118,6,2,11,108,9,6,0,10,33,6,12,14,23,45,9,2,2,0,6,32
119,2,4,2,4,2,0,4,0,2,2,3,3,1,1,1,1,2,1,1,2
120,Morgan Schneiderlin,Luke Freeman,Kelechi Iheanacho,Ruben Loftus-Cheek,Alex Oxlade-Chamberlain,Che Adams,Mario Vrančić,Josh Brownhill,Jesse Lingard,Joel Ward,Morgan Gibbs-White,Arthur Masuaku,Moussa Sissoko,John Stones,Rob Holding,Dan Gosling,Bernardo,Andre Gray,Paul Dummett,Borja Bastón
121,France,England,Nigeria,England,England,England,Bosnia & Herzegovina,England,England,England,England,DR Congo,France,England,England,England,Brazil,England,Wales,Spain
122,76,73,74,79,80,73,73,73,78,75,71,76,79,81,76,74,74,75,76,74
123,76,73,80,85,83,80,73,79,78,75,84,78,79,84,83,74,78,75,77,74
124,30,28,23,24,27,24,31,24,27,30,20,26,31,26,24,30,25,29,28,28
125,2,2,2,2,2,1,3,2,2,1,2,2,3,1,1,1,2,1,2,1
126,6,2,16,18,22,9,0,0,97,3,15,5,45,29,21,1,0,6,5,5
127,2,3,4,2,2,4,2,2,2,1,2,1,2,1,1,2,1,4,1,4
128,Theo Walcott,Billy Sharp,Demarai Gray,Michy Batshuayi,Dejan Lovren,Shane Long,Ben Godfrey,Ben Gibson,Odion IghaloL,Wayne Hennessey,John Ruddy,Aaron Cresswell,Eric Dier,Benjamin Mendy,Pablo Marí,Andrew Surman,José Izquierdo,Danny Welbeck,DeAndre Yedlin,Conor Hourihane
129,England,England,England,Belgium,Croatia,Republic of Ireland,England,England,Nigeria,Wales,England,England,England,France,Spain,England,Colombia,England,United States,Republic of Ireland
130,76,73,74,79,80,73,72,73,78,75,70,76,78,80,76,74,74,75,75,74
131,76,73,78,82,80,73,83,76,78,75,70,76,82,85,81,74,74,75,78,74
132,31,34,24,26,31,33,22,27,31,33,33,30,26,26,27,34,28,29,27,29
133,1,1,3,1,1,1,1,1,1,1,1,2,2,1,1,1,2,2,2,2
134,20,6,8,20,5,6,7,1,15,2,1,3,12,18,12,1,2,7,9,10
135,3,4,3,4,1,4,1,1,4,0,0,1,2,1,1,2,3,4,1,2
136,Moise Kean,Ben Osborn,Danny Ward,Ross Barkley,Divock Origi,Kevin DansoL,Sam Byram,Matěj Vydra,Daniel James,Jeffrey Schlupp,Leonardo Campana,Mark Noble,Paulo Gazzaniga,Nicolás Otamendi,Calum Chambers,Simon Francis,Alireza Jahanbakhsh,Jose Holebas,Manquillo,Jota
137,Italy,England,Wales,England,Belgium,Austria,England,Czech Republic,Wales,Ghana,Ecuador,England,Argentina,Argentina,England,England,Iran,Greece,Spain,Spain
138,75,72,74,79,78,71,72,73,77,74,66,76,77,80,76,74,74,75,75,73
139,85,77,75,82,83,80,75,73,83,74,76,76,80,80,81,74,74,75,78,73
140,20,26,27,26,25,21,26,28,22,27,20,33,28,32,25,35,27,36,26,29
141,1,3,1,2,2,1,2,1,2,3,1,2,1,1,3,2,3,1,3,2
142,53,0,2,21,45,3,5,1,93,4,3,4,11,28,5,1,4,1,10,3
143,4,1,0,2,4,1,1,2,3,3,4,2,0,1,1,1,3,1,1,3
144,Tom Davies,Muhamed BešićL,Wes Morgan,Emerson,Adam Lallana,Yan Valery,Marco Stiepermann,Kevin Long,Phil Jones,Scott Dann,Bright Enobakhare,Ryan Fredericks,Juan Foyth,Oleksandr Zinchenko,Ainsley Maitland-Niles,Junior Stanislas,Dan Burn,Craig Cathcart,Dwight Gayle,Ørjan Nyland
145,England,Bosnia & Herzegovina,Jamaica,Italy,England,France,Germany,Republic of Ireland,England,England,Nigeria,England,Argentina,Ukraine,England,England,England,Northern Ireland,England,Norway
146,75,72,74,78,78,71,72,73,77,74,66,75,75,79,75,73,74,75,75,72
147,81,73,74,82,78,82,72,73,77,74,74,76,85,85,83,73,75,75,75,72
148,22,27,36,26,32,21,29,30,28,33,22,27,22,23,23,30,28,31,29,29
149,2,1,1,2,1,2,1,1,1,1,1,1,2,1,3,3,2,1,2,1
150,30,8,6,29,7,3,0,0,13,1,3,10,23,57,24,3,0,2,5,1
151,2,2,1,1,2,1,2,1,1,1,2,1,1,1,1,3,1,1,4,0
152,Oumar Niasse,Jack Robinson,Ryan BennettL,Fikayo Tomori,Takumi Minamino,Michael Obafemi,Grant Hanley,Erik Pieters,Andreas Pereira,Christian Benteke,Max Kilman,Darren Randolph,Ryan Sessegnon,Phil Foden,Emiliano Martínez,Jack Stacey,Ezequiel Schelotto,Gomes,Matt Ritchie,Ezri Konsa
153,Senegal,England,England,England,Japan,Republic of Ireland,Scotland,Netherlands,Brazil,Belgium,England,Republic of Ireland,England,England,Argentina,England,Italy,Brazil,Scotland,England
154,72,70,73,77,77,67,71,73,76,73,65,75,75,77,75,72,72,75,75,71
155,72,71,73,86,80,81,71,73,80,73,78,75,86,89,78,77,72,75,75,83
156,30,27,30,22,25,20,28,32,24,29,23,33,20,20,28,24,31,39,30,22
157,1,2,1,1,3,1,1,1,2,1,1,1,3,2,1,1,2,1,2,1
158,7,0,0,45,34,8,0,0,20,6,5,4,30,105,48,0,0,0,2,4
159,4,1,1,1,3,4,1,1,2,4,1,0,3,2,0,1,1,0,1,1
160,Maarten Stekelenburg,Michael Verrips,Christian Fuchs,Marco van Ginkel,Adrián,Sam McQueen,Alexander Tettey,Aaron Lennon,Diogo Dalot,Jaïro Riedewald,Enzo LoiodiceL,Pablo Zabaleta,Gedson FernandesL,Claudio Bravo,CédricL,Jordon Ibe,Beram Kayal,Adam Masina,Andy Carroll,Kortney Hause
161,Netherlands,Netherlands,Austria,Netherlands,Spain,England,Norway,England,Portugal,Netherlands,France,Argentina,Portugal,Chile,Portugal,England,Israel,Italy,England,England
162,72,69,73,76,76,65,71,73,75,72,65,74,75,77,75,72,71,74,75,70
163,72,76,73,77,76,69,71,73,85,75,85,74,84,77,75,77,71,76,75,76
164,37,23,34,27,33,25,34,33,21,24,19,35,21,37,29,24,32,26,31,25
165,1,1,1,1,1,3,1,2,2,2,2,1,1,1,1,2,2,1,1,2
166,4,0,0,8,14,0,2,5,42,4,4,4,16,16,8,9,0,3,9,4
167,0,0,1,2,0,1,2,3,1,1,2,1,2,0,1,3,2,1,4,1
168,Cuco Martina,Leon Clarke,Daniel Amartey,Reece James,Nathaniel Clyne,Will Smallbone,Michael McGovern,Phil Bardsley,Mason Greenwood,Stephen Henderson,Meritan Shabani,Albian Ajeti,Michel Vorm,Mix Diskerud,Gabriel Martinelli,Charlie Daniels,Steven Alzate,Adrian Mariappa,Sean Longstaff,Jed Steer
169,Curacao,England,Ghana,England,England,Republic of Ireland,Northern Ireland,Scotland,England,Republic of Ireland,Germany,Switzerland,Netherlands,United States,Brazil,England,Colombia,Jamaica,England,England
170,68,69,72,75,76,64,67,72,74,65,63,73,74,72,74,72,69,74,74,70
171,68,69,75,87,76,80,67,72,89,65,76,80,74,72,88,72,80,74,85,72
172,30,35,25,20,29,20,36,35,18,32,21,23,36,29,19,34,22,33,22,27
173,1,1,2,2,1,2,1,1,2,1,3,1,1,2,3,1,2,2,2,1
174,3,0,6,88,9,2,0,0,561,0,1,3,3,3,69,0,13,2,10,1
175,1,4,1,1,1,2,0,1,4,0,2,4,0,2,3,1,2,1,2,0
176,Beni Baningime,Richairo Živković,James Justin,Willy Caballero,Sepp van den Berg,Harry Lewis,Adam Idah,Bailey Peacock-Farrell,Axel Tuanzebe,Brandon Pierrick,Phil Ofosu-Ayeh,Carlos Sánchez,Japhet Tanganga,Scott CarsonL,Bukayo Saka,Artur Boruc,David Button,Isaac Success,Yoshinori Mutō,Ahmed Elmohamady
177,DR Congo,Netherlands,England,Argentina,Netherlands,England,Republic of Ireland,Northern Ireland,England,England,Ghana,Colombia,England,England,England,Poland,England,Nigeria,Japan,Egypt
178,67,68,70,75,66,62,65,69,74,60,63,72,69,71,74,72,68,72,74,70
179,77,73,80,75,84,74,84,77,82,82,63,72,84,71,89,72,68,78,74,70
180,22,24,22,38,18,22,19,23,22,18,28,34,21,35,19,40,31,24,28,33
181,2,2,2,1,1,1,1,1,2,2,2,2,3,1,3,1,1,3,1,3
182,6,5,6,2,15,0,5,3,30,0,0,3,42,3,134,5,1,2,2,2
183,2,4,1,0,1,0,4,0,1,3,1,2,1,0,3,0,0,4,4,1
184,Ellis Simms,Jack Rodwell,Bartosz Kapustka,Callum Hudson-Odoi,Pedro Chirivella,Dan N'Lundulu,Aidan Fitzpatrick,Jimmy Dunne,Brandon Williams,David Boateng,Bruno Jordão,Gonçalo Cardoso,Oliver Skipp,Eric García,Reiss Nelson,Dominic Solanke,Aaron Connolly,João Pedro,Christian Atsu,Henri Lansbury
185,England,England,Poland,England,Spain,England,Scotland,Republic of Ireland,England,England,Portugal,Portugal,England,Spain,England,England,Republic of Ireland,Brazil,Ghana,England
186,64,68,70,74,66,61,60,68,72,60,62,67,67,69,73,70,67,70,74,70
187,82,68,77,88,74,72,76,74,86,77,75,79,84,85,83,78,79,86,74,70
188,19,29,23,19,23,21,19,22,20,19,21,19,19,19,20,22,20,18,28,29
189,1,3,2,2,2,1,3,1,2,2,1,1,2,1,3,1,1,2,2,3
190,3,1,5,91,5,0,0,3,47,2,0,0,21,74,20,8,1,12,8,1
191,4,1,3,3,2,4,3,1,1,2,2,1,2,1,3,4,4,4,3,2
192,João Virgínia,Kieron Freeman,Matty James,Lewis Baker,Curtis Jones,Jacob Maddox,Gassan Ahadme,Adam Legzdins,Timothy Fosu-Mensah,Nya Kirby,Chem Campbell,Xande Silva,Troy Parrott,Felix Nmecha,Joseph Willock,Lloyd Kelly,Jason Steele,Adalberto Peñaranda,Emil Krafth,Neil Taylor
193,Portugal,Wales,England,England,England,England,Morocco,England,Netherlands,England,Wales,Portugal,Republic of Ireland,England,England,England,England,Venezuela,Sweden,Wales
194,63,67,67,71,65,61,59,64,72,60,59,67,64,63,71,68,67,70,73,70
195,76,67,67,76,85,75,76,64,80,78,80,75,85,83,85,82,67,77,77,70
196,20,28,29,25,19,21,19,33,22,20,17,23,18,19,21,21,30,23,26,31
197,1,1,2,3,3,3,1,1,2,2,1,3,1,2,2,2,1,3,1,1
198,3,0,0,2,77,1,0,0,28,1,0,1,11,8,22,5,0,5,0,2
199,0,1,2,2,2,2,4,0,1,3,2,3,4,2,2,1,0,3,1,1
200,Kyle John,Simon Moore,Eldin Jakupović,Billy Gilmour,Andy Lonergan,Marcus Barnes,Tom Dickson-Peters,Ali Koiki,Lee Grant,Tyrick Mitchell,Oskar Buur Rasmussen,David Martin,Alfie Whiteman,Alpha Dionkou,Eddie Nketiah,Sam Surridge,Tariq Lamptey,Domingos Quina,Karl Darlow,Keinan Davis
201,England,England,Switzerland,Scotland,England,England,Scotland,England,England,England,Denmark,England,England,Senegal,England,England,England,Portugal,England,England
202,62,67,66,66,65,60,58,61,71,59,59,66,63,62,70,67,60,69,73,66
203,75,67,66,86,65,67,73,73,71,72,69,66,74,80,85,76,78,84,75,76
204,19,30,35,19,36,23,17,21,37,21,22,34,21,18,21,22,19,20,29,22
205,2,1,1,2,1,2,1,1,1,1,1,1,1,1,1,1,2,3,1,1
206,0,0,1,46,1,0,0,1,4,6,1,1,8,5,30,0,7,9,2,0
207,1,0,0,2,0,4,4,1,0,1,1,0,0,1,4,4,1,2,0,4
208,Manasse Mampala,Ricky Holmes,George Hirst,Armando Broja,Harvey Elliott,Pascal Kpohomouh,Josh Martin,Joel Mumbongo,Angel Gomes,Luke Dreher,Ming-Yang Yang,Jeremy Ngakia,Tariq Hinds,Tommy Doyle,Matt Macey,Jack Simpson,Romaric Yapi,Daniel Bachmann,Henri Saivet,Indiana Vassilev
209,England,England,England,Albania,England,England,England,Sweden,England,England,Switzerland,England,England,England,England,England,France,Austria,Senegal,United States
210,62,64,65,61,64,59,58,59,68,59,59,63,61,62,66,67,59,69,70,60
211,76,64,75,84,87,72,74,68,85,72,63,80,79,85,72,76,76,75,70,77
212,20,33,21,18,17,18,19,21,20,21,25,20,20,18,26,23,20,26,29,19
213,3,3,1,1,1,1,2,1,2,1,2,1,2,1,1,1,1,1,3,3
214,1,0,1,2,28,0,1,0,53,0,0,1,1,7,6,1,0,1,4,4
215,4,3,4,4,3,1,3,4,2,2,2,1,1,2,0,1,1,0,2,3
216,Ryan Astley,Callum Gribbin,Darnell Johnson,Jack Wakely,Neco Williams,Kornelius Hansen,Archie Mair,Mace Goodridge,James Garner,Brandon Aveiro,Raphaël Nya,Oladapo Afolayan,Jamie Bowden,Adrián Bernabé,Zech Medley,Mark Travers,Peter Gwargis,Callum Whelan,Rob Elliot,Dominic Revan
217,Wales,England,England,England,Wales,Norway,Scotland,England,England,Portugal,France,England,Republic of Ireland,Spain,England,Republic of Ireland,Sweden,England,Republic of Ireland,England
218,61,63,62,59,64,59,58,56,66,58,57,59,60,62,63,66,58,63,69,56
219,82,75,75,77,82,72,76,64,85,77,77,69,80,78,81,78,73,76,69,73
220,18,21,22,19,19,19,19,20,19,19,20,22,19,19,20,21,20,21,34,19
221,2,1,1,1,1,2,1,1,2,1,3,1,2,1,2,1,2,2,1,2
222,2,3,5,0,21,0,0,0,13,1,0,2,4,3,5,5,0,0,4,0
223,1,2,1,1,1,2,0,2,2,4,1,4,2,2,1,0,3,2,0,1
224,Anthony Gordon,Jake Eastwood,Luke Thomas,Tino Anjorin,Ki-Jana Hoever,Harlem Hale,Rob Nizet,Henri Ogunby,Ethan Laird,Kian Flanagan,Andreas Søndergaard,Ben Johnson,Harvey White,Taylor Harwood-Bellis,Folarin Balogun,Kyle Taylor,Taylor Richards,Bayli Spencer-Adams,Matthew Longstaff,Jack Clarke
225,England,England,England,England,Netherlands,England,Belgium,England,England,Republic of Ireland,Denmark,England,England,England,England,England,England,England,England,Republic of Ireland
226,61,61,60,58,62,57,57,55,65,58,57,59,60,60,60,61,58,61,68,54
227,82,69,79,80,84,65,75,73,83,74,75,75,78,83,81,74,76,76,84,67
228,19,23,19,18,18,20,18,19,19,21,19,20,18,18,19,21,19,19,20,21
229,3,1,1,2,2,2,1,1,1,2,1,2,2,1,1,2,2,1,2,2
230,7,0,4,6,23,0,0,0,9,2,1,3,2,8,6,2,3,0,5,0
231,3,0,1,2,1,3,1,3,1,2,0,1,1,1,4,2,2,1,2,2
232,Con Ouzounidis,Keenan Ferguson,Sidnei Tavares,Ian Maatsen,Caoimhin Kelleher,Jake Vokins,Daniel Adshead,Joel Senior,Tahith Chong,Lewis Bryon,Taylor Perry,Mésaque Djú,Rodel Richards,Gavin Bazunu,Nathan Tormey,Christian Saydee,Warren O'Hora,Henry Wise,Jack Colback,Michael Tait
233,Australia,England,Portugal,Netherlands,Republic of Ireland,England,England,England,Netherlands,England,England,Portugal,England,Republic of Ireland,England,England,Republic of Ireland,England,England,England
234,60,54,60,58,61,57,57,55,65,57,56,58,59,59,58,59,57,60,66,53
235,73,72,78,80,75,73,76,65,81,70,76,71,75,82,72,75,72,70,66,70
236,20,20,18,18,21,20,19,21,20,20,19,21,20,18,20,18,21,20,30,19
237,1,1,1,3,1,2,1,1,2,2,1,2,3,1,2,1,1,1,2,1
238,1,40,1,5,3,1,0,0,41,1,0,1,1,6,0,0,0,0,2,1
239,1,1,2,1,0,1,2,1,3,1,2,3,4,0,3,4,1,2,2,4
240,Matty Foulds,Kyron Gordon,Callum Wright,Jon Russell,Yasser Larouci,Kameron Ledwidge,Tom Scully,George McMahon,Dylan Levitt,Jacob Mensah,Luke Cundle,Tunji Akinola,Malachi Fagan-Walcott,Daniel Grimshaw,Harrison Clarke,Gavin Kilkenny,Ryan Longman,Joseph Hungbo,Elias Sørensen,Isaiah Bazeley-Graham
241,England,England,England,England,Algeria,Republic of Ireland,England,England,Wales,Ghana,England,England,England,England,England,Republic of Ireland,England,England,Denmark,England
242,59,53,60,57,60,56,56,54,64,56,54,56,59,58,57,59,55,58,60,52
243,70,71,75,71,79,70,71,69,82,65,76,66,82,70,76,74,73,74,76,64
244,22,18,20,19,19,19,20,20,19,20,18,21,18,22,19,20,19,20,20,20
245,2,1,2,1,1,2,1,1,3,1,1,2,1,1,3,2,3,1,1,2
246,1,0,1,1,7,0,0,1,10,1,0,1,3,7,1,0,2,0,1,0
247,1,1,2,2,1,1,2,0,2,1,2,1,1,0,1,2,3,3,4,1
248,Dennis Adeniran,Reece York,Khanya Leshabela,Jamie Cumming,Paul Glatzel,Nathan Tella,Saul Milovanovic,Jordan Cropper,Ethan Galbraith,Sean Robertson,Terry Taylor,Joseph Anang,J'Neil Bennett,Iker Pozo,Trae Coyle,Tyler Cordner,Alex Cochrane,Tom Dele-Bashiru,Liam Gibson,Jack Birch
249,England,England,South Africa,England,Germany,England,England,England,Northern Ireland,England,Wales,England,England,Spain,England,England,England,Nigeria,England,England
250,58,52,60,57,60,55,55,52,63,56,54,55,59,57,57,59,54,57,60,52
251,70,68,76,72,80,68,70,64,81,73,74,70,80,76,75,71,68,74,68,72
252,21,20,20,21,19,21,20,20,19,19,19,20,18,20,19,21,20,20,23,19
253,2,1,2,1,1,2,2,1,3,1,2,1,2,1,2,1,1,2,2,1
254,6,0,0,2,4,2,0,0,9,0,2,2,7,1,2,2,2,0,0,0
255,2,2,2,0,4,3,2,1,2,3,2,0,3,2,3,1,1,2,1,2
256,Jarrad Branthwaite,Jake Young,Calvin Ughelumba,Marcel Lavinier,Adam Lewis,Aaron O'Driscoll,Jordan Thomas,George McMahon,Di'Shon Bernard,Nikola Tavares,Lewis Richards,Bernardo Rosa,Brooklyn Lyons-Foster,Collins Tanor,Tolaji Bola,Corey Jordan,Jordan Davies,Adam Parkes,Jamie Sterry,Callum Rowe
257,England,England,England,England,England,Republic of Ireland,England,England,England,Croatia,Republic of Ireland,Brazil,England,Ghana,England,England,Wales,England,England,England
258,57,51,59,56,60,52,54,52,61,55,54,53,58,54,57,59,52,52,59,52
259,80,65,72,70,77,67,70,64,77,68,75,69,78,65,70,71,61,66,66,66
260,18,19,20,19,20,21,19,20,19,21,18,19,19,22,21,21,22,20,24,21
261,1,1,2,3,3,2,1,1,1,1,2,3,1,1,1,1,2,1,1,1
262,1,1,0,0,8,4,0,0,4,1,3,1,3,3,3,0,4,2,2,0
263,1,4,1,1,1,1,1,1,1,1,1,2,1,2,1,1,3,0,1,2
